pk,cuisine
229,vegan
230,vegan
231,vegan
232,vegan
233,vegan
234,vegan
235,vegan
236,vegan
237,vegan
238,vegan
239,vegan
240,vegan
241,vegan
242,vegan
243,vegan
244,vegan
245,vegan
246,vegan
247,vegan
248,vegan
249,vegan
250,vegan
251,vegan
252,vegan
253,vegan
254,vegan
255,vegan
256,vegan
257,vegan
258,vegan
259,vegan
260,vegan
261,vegan
262,vegan
263,vegan
264,vegan
265,vegan
266,vegan
267,vegan
268,vegan
269,vegan
270,vegan
271,vegan
272,vegan
273,vegan
274,vegan
275,vegan
276,vegan
277,vegan
278,vegan
279,vegan
280,vegan
281,vegan
282,vegan
283,vegan
284,vegan
285,vegan
286,vegan
287,vegan
288,vegan
289,vegan
290,vegan
291,vegan
292,vegan
293,vegan
294,vegan
295,vegan
296,vegan
297,vegan
298,vegan
299,vegan
300,vegan
301,vegan
302,vegan
303,vegan
304,vegan
305,vegan
306,vegan
307,vegan
308,vegan
309,vegan
310,vegan
311,vegan
312,vegan
313,vegan
314,vegan
315,vegan
316,vegan
317,vegan
318,vegan
319,vegan
320,vegan
321,vegan
322,vegan
323,vegan
324,vegan
325,vegan
326,vegan
327,vegan
328,vegan
329,vegan
330,vegan
331,vegan
332,vegan
333,vegan
334,vegan
335,vegan
336,vegan
337,vegan
338,vegan
339,vegan
340,vegan
341,vegan
342,vegan
